,Id,predictions
3140,19552,0
4554,21005,0
2117,9322,0
5330,9917,1
5096,186,0
1101,1710,0
3270,2171,0
2981,20735,0
1577,26506,0
408,15534,0
5206,24443,1
4175,19909,0
4430,6733,0
4293,13944,0
685,15582,0
323,12120,0
4038,19995,0
1083,4574,0
2508,26629,0
1218,10243,0
4838,11607,0
2945,11472,0
4280,1742,0
4268,4007,0
2826,12461,0
710,18676,0
522,3026,1
1414,14796,0
50,26322,0
3741,18925,0
486,17583,0
4631,1134,0
3005,11258,0
3317,5762,0
1390,13857,0
2247,5177,0
776,21479,0
975,20132,0
1300,2454,0
5149,22387,0
4455,13245,0
1187,3423,0
3678,15827,0
464,15074,0
4349,25652,0
2877,10132,0
3802,13761,0
3623,7570,0
204,2594,0
2167,20577,0
5212,25356,0
1987,25259,0
2145,16104,0
2748,6785,0
4578,7979,0
701,11192,0
4101,25559,0
2073,7532,0
529,18768,0
3854,25063,0
1296,15911,0
1503,26348,0
4527,1910,0
4125,20074,0
1600,21749,0
1729,3897,0
1817,17383,0
3778,7523,0
806,11400,0
3086,24168,0
1837,16953,0
444,26265,0
2496,24401,0
3210,1267,0
5005,15159,0
1696,21500,0
3099,814,0
2885,9212,0
4612,15701,0
4409,6857,0
4679,5420,0
4552,8060,0
2614,894,0
2489,13143,0
3205,6559,0
326,14546,0
2814,14644,0
491,15864,1
531,20278,0
4076,26405,0
819,11210,0
4028,178,0
3160,2283,0
328,11250,0
1382,7770,0
3543,13482,0
90,996,0
3505,4030,0
4305,3561,0
2766,20902,0
4490,19298,0
3002,16698,0
1084,12237,0
1909,22573,0
2463,4708,0
4176,25731,0
3790,5070,0
3316,2647,0
4424,542,0
4030,20309,0
224,22162,0
3459,17015,0
3295,868,0
1757,19096,0
2909,8973,0
2974,21584,0
993,7228,0
1252,26619,0
888,5856,0
3323,7453,0
372,355,1
3687,3821,0
5028,266,0
2923,20709,0
2548,22605,0
539,11203,1
2026,21655,0
3442,5165,0
4104,24820,0
1014,16729,0
1521,5441,0
3193,21057,0
104,19748,0
2750,24156,0
1740,14816,0
1501,1075,0
939,296,0
2780,11240,0
228,13555,0
784,1114,0
321,23958,0
3618,5739,0
1928,4561,0
4701,11623,0
2191,16580,0
1059,25038,0
3258,2211,0
3533,24940,0
2215,1713,0
2987,1617,0
3511,17971,0
4758,19042,0
2702,5746,0
198,19413,0
3228,20056,0
3138,6403,0
4117,25305,0
193,17433,0
5075,6705,0
665,23181,0
5152,11827,0
3419,2384,0
1201,4863,0
1264,14605,0
1103,3442,0
557,15732,1
1725,11871,0
3559,12146,0
2254,17259,0
1918,23082,0
3255,282,0
4603,18543,0
4765,7178,0
1005,14157,0
3743,19169,0
3528,23997,0
2653,11060,0
1828,2407,0
3382,15609,0
459,14919,0
1167,22460,1
4279,26528,0
5074,21801,1
4235,20280,0
4525,10049,0
4143,25818,0
5282,16289,0
876,13837,0
1386,15668,0
4443,23697,0
2068,4021,0
1070,2391,1
5090,26116,0
2469,17735,0
3029,24343,0
795,23041,0
139,92,1
4343,14977,1
5056,18187,0
4946,19890,0
3755,6588,0
2721,20356,0
3141,23150,0
632,528,0
2311,10384,0
1787,15043,0
2350,18245,0
4645,6659,1
5026,9963,0
3201,7341,0
3995,15715,0
620,13539,0
2566,24178,0
1761,3145,0
1808,2105,0
2696,6266,0
1616,25868,1
1023,11760,0
297,15386,0
2419,11482,0
2914,17105,0
2314,13342,0
163,23238,0
4564,6520,0
3835,18491,0
3184,1261,1
4161,4026,0
475,21515,0
4725,17108,0
4433,2504,0
291,23137,0
2435,2077,0
2455,5646,0
3662,16192,0
4254,6794,0
3932,13003,0
4942,4939,0
2336,17384,0
3010,26382,1
3220,19790,0
3849,24867,0
4610,25179,0
1465,24763,0
1826,12720,0
565,15392,0
57,14391,0
4837,5954,0
2290,13063,0
4246,7276,0
4549,25603,0
933,24497,0
2354,3184,0
183,1573,1
2304,26442,0
4019,16641,0
661,1859,0
4844,20484,0
3455,1868,0
4187,19080,0
2791,15282,0
1712,25079,0
3063,1117,0
1583,4091,0
4991,15401,0
5221,23152,0
4238,23655,0
5070,15356,0
5019,25296,0
127,11892,0
4448,7903,0
2650,7442,0
1523,17682,0
3720,170,0
4705,24530,0
2790,9769,0
2106,9179,0
899,11661,0
3079,24406,0
1896,21026,0
5239,24433,1
4625,10474,1
4356,5428,0
3688,23126,0
2084,20642,1
117,26609,0
3064,2953,0
207,2466,0
3814,4147,0
2128,385,0
5037,10932,0
576,6816,0
5327,10019,0
663,19486,0
718,10598,0
5261,12284,0
4720,22944,0
5331,24983,0
4498,11638,0
122,25651,1
4285,19781,0
1128,5463,0
1882,22170,0
128,11031,0
4346,13609,0
1595,13589,0
3466,13972,0
190,26203,0
1328,24786,0
4955,23276,0
5098,2880,0
4282,9524,1
385,5466,0
2429,6039,0
1951,14550,0
1861,17455,0
2160,15891,0
1312,23485,0
377,10353,0
1053,3547,0
1258,22691,0
3358,10840,0
4783,25554,0
1602,2128,0
3298,18087,0
3825,22633,0
908,11838,0
730,18873,0
2280,15309,0
294,6383,0
3754,24700,0
2872,24585,0
2581,14968,0
4751,12464,0
2185,11379,0
3248,15470,0
4740,2742,0
988,21218,0
4820,3944,0
2124,18709,0
753,9598,0
1408,4678,0
1138,14679,0
2839,5999,0
5126,3987,0
3245,20677,0
1870,14922,0
4450,13382,0
1949,11061,0
2497,4807,0
4903,20480,0
470,6200,0
4328,5924,0
5124,5847,0
270,20795,0
2648,22224,1
4575,25810,0
173,8389,0
2214,14049,0
3907,19660,0
612,15147,0
1841,26585,0
1352,20880,0
1857,25963,0
952,4208,0
3651,22606,0
2705,23543,0
1222,26092,0
3851,21858,0
437,15799,0
1096,10658,0
4622,7076,0
4743,11557,0
1673,21022,0
1106,9378,0
3980,26035,0
3030,294,0
5274,21817,0
2616,21375,0
1637,16206,0
1195,4075,1
160,18233,0
5323,12051,0
3905,21283,0
103,12285,0
4583,21580,0
69,21647,0
2699,9387,0
4843,4964,0
3765,8352,0
213,4248,0
2312,10736,0
1303,102,0
4232,4206,0
2284,23069,0
1773,26515,0
4414,6556,0
2113,1951,0
256,14228,0
517,16435,0
3972,24911,0
4452,22338,0
3677,26345,0
4386,1819,0
2409,23850,0
3402,5908,1
916,22258,0
2249,13485,0
1121,4348,0
4629,709,0
2852,20175,0
1824,9518,0
1853,20303,0
2271,13472,0
655,17280,0
1873,25309,0
2013,81,1
4593,15394,0
2751,1916,0
4979,3124,0
2134,10027,0
1471,9451,0
538,18871,1
175,26184,0
4568,19457,0
5170,12195,1
1452,5522,0
4517,16737,0
1273,18582,0
1821,1412,0
5046,4333,0
3120,8743,0
4054,8172,0
2449,8249,0
769,9665,1
3334,20134,0
1498,5000,0
365,15719,0
3095,7794,0
4752,21337,0
406,24272,0
2003,3376,0
4927,15590,0
319,14946,0
2531,9137,0
3982,5166,0
450,19473,0
5225,8951,0
3887,1789,0
2925,17181,0
1330,24640,0
897,23703,0
4504,20051,0
3013,23092,0
2983,18714,0
4444,9957,0
3348,14392,0
2329,4943,0
221,11662,0
4515,7572,0
1858,5436,0
2320,4271,0
2005,8769,0
5033,6101,0
1448,21363,0
2065,15364,0
28,12188,0
1344,15984,0
3498,10288,0
1109,19366,0
3602,24533,0
4451,22093,0
2035,21783,0
4595,10586,1
2775,19371,0
3951,4554,0
1532,3734,0
1329,3878,0
4499,7023,0
1878,23510,0
1561,11170,0
2737,17730,0
1930,15143,0
3301,16294,0
4265,21178,0
4857,5930,0
2912,2842,0
3826,20924,0
1846,10544,0
4539,2892,0
2245,25711,0
2018,23866,0
1403,4475,0
3068,12353,0
1810,13483,0
895,23200,0
1126,13958,1
2522,7931,0
1932,14860,0
3284,18139,0
3893,24220,0
3803,8260,0
3581,9663,0
248,26285,0
2353,9117,0
3260,19471,0
2338,4410,0
1153,14194,0
1233,437,0
452,6390,0
3563,9660,0
3722,24807,0
4851,17612,0
3000,14562,0
1697,13607,0
1285,26696,0
4526,14857,0
3024,18400,0
4801,21425,0
62,24849,0
489,15850,0
3960,10448,0
4020,13474,0
866,5885,0
3212,25353,0
2586,9578,0
5018,20462,0
4879,25483,0
3125,16143,0
3256,22923,0
3834,3493,0
4637,17939,0
3438,13714,0
4648,12948,0
2092,11070,0
1341,18694,0
145,18021,0
4160,12904,0
2733,24835,0
840,7018,0
1251,10975,0
5230,26195,0
1678,9176,0
1533,22362,1
2264,3375,0
2268,571,0
2038,24460,0
3329,24950,0
5317,23643,0
2381,6280,0
1316,14744,0
813,579,1
3670,22643,0
4658,9331,0
3587,17000,0
306,17743,0
5071,10033,0
3852,1015,0
1054,4686,0
778,10349,1
1924,2032,1
1851,10582,0
994,18016,0
227,21430,0
607,9673,0
2841,11509,0
3679,3078,0
2,20419,0
2935,8528,0
2478,21686,0
5129,12954,0
2456,10653,0
5186,573,0
262,17113,0
3649,8702,0
1649,7493,0
1875,14007,0
3309,2790,0
4477,16430,0
4620,19931,0
5197,11033,0
2019,13071,0
439,3154,0
2252,521,0
363,18671,0
1244,3756,0
770,21019,0
927,10110,0
2348,7414,0
5210,14424,0
2837,4401,0
131,10950,0
3733,2346,0
4862,22245,0
454,1558,0
1655,10099,0
3553,3065,0
3824,2773,0
3808,23608,0
4753,18626,0
490,2014,0
4747,3244,1
1648,9396,0
3627,22408,1
2285,14279,0
3299,12987,0
4673,25932,0
94,24883,1
2709,14999,0
401,24449,0
5283,6626,0
1701,9764,0
4063,3820,0
1214,20615,0
1631,24910,0
473,22796,0
265,14257,0
4615,10063,0
4180,23349,0
4142,25886,0
1243,8728,0
1017,1837,0
159,10875,0
4819,23908,0
3421,7326,1
3038,21274,0
199,4608,0
4112,26500,0
2164,8247,0
2175,17300,0
1723,23444,0
5011,17810,0
1012,940,0
2439,1646,0
4157,16030,0
2434,21578,0
1320,24594,0
1920,5038,0
979,22288,0
750,26239,0
898,25530,0
2362,18158,0
5010,20821,0
4193,21079,0
1838,19641,0
2278,14084,0
1082,19127,0
1897,19013,0
3135,6575,0
2045,19570,0
678,15624,0
2742,9990,0
3170,10208,0
1976,3887,1
5065,10015,0
3655,18213,0
961,3503,0
2946,22943,0
1671,12218,0
2907,24494,0
1458,4938,0
5340,18545,0
4441,21001,1
4776,8698,0
3861,17304,0
4008,13005,0
4600,22023,0
1198,4572,0
121,15258,0
5114,8534,0
740,23541,0
3179,25485,0
2223,11204,0
1623,24493,0
1359,1058,0
889,888,0
2765,18788,0
5171,24762,0
4521,25788,0
3970,8902,1
2848,7433,0
1388,19367,0
581,3606,0
4211,7762,0
1819,6451,0
5199,10056,0
5299,19008,0
4533,16232,0
2102,18832,0
1091,22948,0
1490,6597,0
161,6744,0
4229,15295,0
4404,1301,0
2460,2523,0
5304,5660,0
480,15996,0
1910,2008,0
2672,5096,1
4313,19254,0
4341,22477,0
974,6904,0
2663,9831,0
3153,17379,1
1548,19841,0
2188,20092,0
2794,16922,0
1994,10420,0
1433,17361,0
3682,21329,0
548,26675,0
1441,8308,0
3648,14406,0
3154,3631,0
3605,3838,0
3401,1622,0
1025,6813,0
5252,9290,0
3998,14466,0
3373,12834,0
4577,10255,0
3449,16410,0
2495,14603,0
1670,695,0
1168,21104,0
5127,20080,0
5050,13052,0
4214,25983,0
2218,4735,0
4352,6193,0
3493,12406,0
719,1141,0
559,8852,0
355,24462,0
2729,19416,0
2342,6081,0
4908,11407,0
2324,8101,0
834,10934,0
4536,18220,0
3127,8376,0
3450,6624,0
1210,26065,0
1120,6299,0
3236,20879,0
5066,8742,0
249,7285,0
3462,959,0
2220,15123,0
29,19283,0
3856,24984,0
934,2485,0
4742,22550,0
4558,18808,0
2502,5495,0
4630,18905,0
488,5533,0
2969,11815,0
1375,12036,0
2407,8608,0
414,17685,0
5178,9822,1
2828,1179,0
1022,4361,0
3383,14411,0
738,14404,0
4643,17277,0
880,9949,0
2732,2428,0
2226,12561,0
1444,15066,0
5196,25613,0
4767,14557,1
4576,1699,0
3931,3090,0
2532,18135,0
4825,2326,0
1586,4242,0
5266,25389,0
4935,891,0
5061,20585,0
777,21897,0
1556,13157,0
1364,10831,0
143,6978,0
1941,17852,0
3579,25427,0
3923,10123,0
2902,24880,0
5205,7187,0
260,17580,0
317,16759,0
2420,6220,0
4986,20112,0
2052,14920,0
5338,16044,0
2481,15683,0
3974,15112,0
946,23020,0
1885,687,0
3788,11311,0
2798,11719,0
2656,16379,0
2602,12797,0
1710,15039,0
3541,23582,1
4537,160,0
4727,13546,0
5088,7145,0
1306,23795,0
2782,12447,1
886,21657,0
2392,988,0
1276,4995,0
1517,18494,0
333,26145,0
3561,20857,0
4381,21522,0
3190,22343,0
2681,20780,0
4234,20342,1
3191,19934,0
5204,15875,0
4926,19949,0
4555,12270,0
3521,1436,0
2743,14032,0
2693,24241,0
3801,25844,0
394,26207,0
676,705,0
182,18506,0
786,10643,0
1436,6535,0
61,11157,0
4661,19420,0
808,9984,0
4428,12358,0
80,9709,0
3582,21872,0
4559,26036,0
1355,1431,0
872,22323,0
606,1513,0
4270,26704,0
16,12587,0
2996,1448,0
3234,5234,0
3286,11522,0
1212,3176,0
340,9299,0
2773,5576,0
1239,5917,0
1979,3016,0
4529,4081,0
4818,19805,0
3562,13956,0
3868,24151,0
289,23877,0
675,955,0
419,5906,0
3033,1536,0
3821,817,0
5286,17376,0
595,8678,0
3689,25086,0
4748,132,0
700,15058,0
4114,14489,0
1760,14458,0
3049,19581,0
4932,7169,0
133,11873,0
499,12576,0
2089,25553,0
4277,7396,0
2982,11389,1
4406,20344,0
1999,10965,0
1834,14315,0
714,17825,0
1859,25722,0
24,20999,0
2355,25602,0
3904,13188,0
4901,5769,0
1377,6297,0
3057,20837,0
1963,22528,0
4804,16057,0
1132,18166,0
2036,8904,0
987,18952,0
3659,17622,0
4821,23054,0
894,24221,0
3613,10021,0
2890,24468,0
826,4373,0
4992,5537,0
3804,7943,0
4806,19549,0
577,12581,0
1035,1109,0
1376,26468,0
1687,15273,0
5043,5014,0
2295,24344,0
1785,255,0
449,11881,0
2356,12080,0
3414,21249,0
912,13169,0
3745,25480,1
3877,8679,0
4155,18163,0
2739,7784,0
2779,19816,0
3290,21121,0
1299,15585,0
1152,3806,0
4090,15812,0
4841,10698,0
5107,11875,0
2674,19261,0
2903,6525,0
879,10823,1
2579,15805,1
1570,10877,0
5027,19281,0
890,23277,0
905,2060,0
4677,16332,0
1770,166,0
1904,6343,0
3925,7161,0
4883,16096,0
1816,2916,0
2541,13847,0
5241,198,0
4817,5795,0
4351,21206,0
841,6135,0
2664,7015,1
4823,11872,0
1472,719,0
1043,3453,0
5093,24182,0
300,1120,0
1301,20306,0
2533,13811,0
821,1078,0
4332,17929,0
3074,15547,0
680,22589,0
2537,6189,0
1672,4982,0
3443,9106,1
1559,7533,0
6,24913,0
3799,12274,0
1539,23568,0
5077,11813,0
1234,11572,0
3713,10068,0
3902,17998,0
1518,18131,0
1744,10245,0
3712,16761,0
392,26646,0
4655,7919,0
176,12770,0
242,16231,0
3243,20475,0
2109,13719,0
4731,20,0
2818,655,0
5103,7729,0
3439,13222,0
3699,10612,0
1278,7662,0
2675,18342,0
2244,10140,0
2712,1072,0
166,823,0
155,3215,0
4202,19675,0
4574,11990,0
4736,25338,0
3789,3472,0
5042,9166,0
3271,2288,1
3536,1939,0
4363,20525,0
3017,3412,1
3878,22116,0
4438,8203,0
1615,14779,0
2599,5276,0
1741,19216,0
3094,13662,0
1589,15575,0
2343,13887,0
570,4232,0
2596,436,0
3540,18197,0
5319,5123,0
238,10393,0
3950,4961,0
4892,22525,1
1960,16035,0
869,8233,0
1037,7608,0
2093,9446,0
5150,1279,0
4897,2088,1
4492,22965,0
690,6612,0
1161,971,0
5069,20685,0
436,4259,0
279,18031,0
286,12412,0
3178,608,0
3909,25422,0
2303,22354,0
4388,18962,0
623,10616,0
1156,16421,0
4009,8663,0
1734,8225,0
2302,18974,0
403,23538,0
5267,17256,0
3495,2507,0
2404,9227,0
574,16342,0
5183,17419,0
2934,24870,0
1063,13789,0
384,6864,0
3448,6021,0
4222,19632,0
4401,14397,0
523,26498,0
4344,15639,0
3663,20529,0
1790,5012,0
4275,6137,0
1617,26475,0
2453,23258,0
779,14268,0
5203,10308,0
976,23255,0
3097,2339,0
2592,16605,0
1307,12916,0
4358,9393,0
2567,10702,0
2430,4168,0
2379,22316,0
1854,25388,0
2231,14594,0
1937,2975,0
3451,23870,0
2023,14081,0
3839,2727,0
2242,1779,0
4199,14693,0
354,7771,0
1314,15457,0
56,21431,0
2900,26636,0
433,11992,0
829,3473,0
1451,20182,0
3539,24022,0
798,3363,0
5162,18252,0
1691,20114,0
1158,12075,0
3598,10968,0
3096,6811,0
1409,9976,0
180,12976,0
191,14240,0
5045,1829,0
2642,671,1
648,22769,0
4739,11130,0
4297,16667,0
3603,8272,0
1217,1676,0
587,21626,0
1427,19886,0
2994,24509,0
1487,3879,0
1279,8936,0
3213,23216,0
1410,995,0
477,4383,0
3759,17138,0
3948,759,0
2835,22598,0
2734,16497,0
3360,6072,0
1607,16466,0
1288,8215,0
585,12690,0
4784,21790,0
1494,7200,0
3157,13854,0
4330,19330,0
2608,13196,0
5209,26570,1
4426,7990,0
1513,20069,0
2967,10540,0
3497,9015,0
950,7399,0
5081,1668,0
276,5491,0
4329,21663,0
4264,23609,0
4457,24582,0
601,19135,0
3744,21847,0
2034,16635,0
4915,19307,0
3728,1059,0
2309,7594,0
2763,17828,0
720,15709,0
5257,12334,0
4283,1023,0
3762,5362,0
4333,5633,1
3172,2830,0
5082,9973,0
400,13653,0
3472,22317,0
3943,13707,0
613,24753,0
2146,8459,0
3150,10244,0
329,14850,0
561,23540,0
2267,11826,1
4889,23584,0
1779,6954,0
1282,17751,0
2123,5278,0
1977,2042,0
766,25981,0
188,182,0
3418,7730,0
5211,12002,0
2668,12942,0
3022,26360,0
359,25725,0
2203,4387,1
1078,14469,0
1004,18239,0
3643,1050,1
1317,18020,0
3660,17389,0
4103,23437,0
861,18518,0
5333,12518,0
497,9704,0
2797,10052,0
413,10893,0
703,12043,0
884,24758,0
3758,26005,0
2465,23442,0
4183,12569,0
1720,8767,1
4486,26181,0
4602,15867,0
4057,23772,0
4713,9488,0
469,22725,0
1612,4547,0
4022,21527,0
435,25300,0
4849,23267,0
4855,13493,0
5112,8581,0
4061,4456,0
4001,9689,0
2403,13260,0
44,9431,0
921,7715,0
893,25379,0
5191,18434,0
3347,986,0
1182,18842,0
1807,8944,0
4917,243,0
2334,17040,0
725,11855,0
5290,2661,0
4688,15927,0
4377,238,0
4427,5730,0
2861,23210,0
135,10020,0
4181,24091,0
2168,11371,0
1018,11261,0
1622,23848,0
3690,8795,0
4737,17287,0
1295,13051,0
909,3128,0
1345,24033,0
4468,1461,0
2042,4595,0
3526,20270,0
3016,13705,0
1991,2833,0
1686,22988,0
3100,14947,1
4410,8073,0
2046,19754,0
2687,3656,0
2641,10035,0
1003,1853,0
3042,19990,0
2136,489,0
4102,19280,0
2860,10571,0
3729,6391,1
2345,5231,0
1475,3660,0
3387,5500,0
5016,17121,0
2388,16531,0
634,12764,0
5014,5112,0
3014,679,0
2640,12753,0
314,19344,0
4884,7080,0
3028,18497,0
1353,4135,0
2321,18094,0
4950,9505,0
3963,6881,0
3108,2422,0
3896,9399,0
1889,14429,0
5213,13894,0
5202,3021,0
532,11761,0
3411,7694,0
3979,13531,0
3206,13703,0
4031,5158,0
4465,18403,0
3822,17522,0
2480,4535,0
5314,17286,1
1171,13338,0
1269,14068,0
3514,23613,0
4004,16699,0
4145,10446,0
1248,4870,0
3601,12901,0
22,24334,0
5237,23745,0
1890,19814,0
2387,9281,1
2126,535,0
3426,19563,0
7,5952,0
1069,13275,0
2858,311,0
4793,16059,0
3311,18211,0
3714,22389,0
3704,1647,0
4850,9706,0
3584,18516,0
4098,1339,0
4304,11610,0
1081,24571,0
817,6151,0
579,2757,1
1888,13096,0
259,8937,0
4278,604,0
1009,15515,0
3664,7551,0
2884,7776,0
3407,16570,0
1917,24784,0
5165,3242,0
5111,9282,0
816,24297,0
4923,2359,0
1332,25434,0
3207,11122,0
4580,3677,0
1520,14962,0
2002,9065,1
3144,5413,0
2553,1773,0
2178,980,0
688,5842,0
1780,18041,0
4487,2501,0
1541,17614,0
4249,5372,0
1921,16133,0
1010,24149,0
3769,24855,0
2961,14160,0
1567,18138,0
1238,12848,0
1699,5470,0
39,12438,0
4213,10386,0
3427,17707,0
410,194,1
2660,9715,0
2785,4717,0
5180,4422,0
3396,6772,0
1384,3943,1
4323,17097,0
1982,21528,0
2956,8705,0
2308,1297,0
3173,15245,0
530,21739,0
3748,8496,0
3842,8404,0
1709,5423,0
599,3620,0
1173,22790,0
4035,1175,0
2452,16318,0
2724,2327,0
4167,1583,0
197,11755,0
1426,7845,0
1690,32,0
4495,16862,0
1527,4653,0
1674,2119,0
4100,730,0
4432,23139,0
5094,24215,0
1978,9736,0
298,25,0
578,1330,0
2239,23408,0
1272,23208,0
802,22090,0
3384,6734,0
2623,21093,0
4480,21499,0
2622,21299,0
4039,14872,0
4347,24082,0
4786,23996,0
586,26659,0
3641,3571,0
5246,17951,0
4162,5262,0
1575,16366,0
4442,14334,0
4355,234,0
1789,13252,1
2605,1222,0
4037,11515,0
1468,21700,0
3111,15022,0
4036,5041,0
1706,14005,0
2169,5094,0
5297,8922,0
1485,10414,0
3067,20196,0
2216,23534,1
251,7219,0
553,3096,0
3890,10238,0
1895,12192,0
274,9648,0
2939,21912,0
5169,18437,1
692,3245,0
4190,9929,0
2499,10709,0
315,24895,0
3221,16308,0
2670,25448,0
5235,9942,0
3593,4568,0
2097,23382,0
5063,15523,0
3077,16116,0
3592,20663,0
1197,7468,0
1698,791,0
1543,8553,0
4534,24898,0
101,22836,0
3264,17887,0
1944,16028,0
2140,3198,0
4370,12059,0
4003,23739,0
67,13806,0
1872,594,0
3672,10976,0
3800,1727,0
1833,2079,0
332,26137,1
3440,12355,0
1185,14009,0
4734,2357,0
2326,25714,0
2433,16156,0
3875,21498,0
4045,24434,0
2274,7672,0
2181,18300,0
2815,18439,0
691,6465,0
4640,10073,0
4149,1900,0
3114,17746,0
5293,5083,0
5223,6576,0
5264,8344,0
4049,1445,0
3674,18813,0
3928,7864,0
2813,5454,0
5298,2364,0
4375,1247,0
1283,90,0
2000,19452,0
3076,13982,0
3870,3463,0
4805,9145,0
1601,11809,0
1044,8829,0
4788,3665,0
3133,16224,0
2832,23377,1
3012,9645,0
864,13581,0
1554,13022,0
3187,23129,0
3524,13129,0
3798,21873,0
4391,9545,0
1911,15,0
3647,20415,0
465,14475,0
4070,4488,0
3768,13293,0
2416,15830,0
2394,13387,0
4809,18185,0
3224,7198,0
4865,13947,0
3219,13272,0
4,1921,0
2094,15187,0
5188,6411,0
3312,12623,0
4755,15000,0
3845,13266,0
4307,23822,0
4741,23789,0
2366,24811,0
1133,5251,0
142,26134,0
654,12297,0
800,16572,0
2083,1052,0
178,17501,1
3169,22327,0
3253,17584,0
4449,10236,0
1822,7737,0
2051,6540,0
2626,8522,0
3167,16108,0
202,16863,0
4425,22781,0
775,25862,0
2327,21544,0
2985,22297,0
2426,11823,0
3126,8416,0
3300,20392,0
638,21935,0
4771,12404,0
4177,12630,0
482,12379,1
4769,15802,0
2458,20820,0
3901,5316,0
1287,21572,0
3693,16607,0
4929,21751,0
3483,24093,0
1213,5325,0
407,1611,0
4094,4722,0
4489,13448,0
1030,1525,0
4686,13906,0
1207,20512,0
2933,2950,0
60,11417,0
3203,21569,0
2568,6943,0
3916,4511,0
241,20185,0
1486,23032,0
1618,17668,0
1363,6536,0
5185,7901,0
4243,13416,0
3637,7358,0
2612,6444,0
682,6768,0
4964,9335,0
1555,3341,0
3388,19105,0
4836,8719,0
3139,5044,0
5258,25588,0
4052,22858,0
3501,815,0
3118,25068,0
1566,26136,0
4995,5736,0
2064,2847,0
5073,4530,0
5013,16714,0
4198,14114,0
2154,26701,0
838,1524,1
1562,21098,0
4011,14258,0
964,6020,0
1664,19270,0
773,4494,0
292,22738,0
2507,15479,0
4858,10193,0
2894,3747,0
2498,12622,0
722,8255,0
1695,18902,0
3422,9411,0
839,6119,0
1786,20379,0
1707,21370,0
4509,17289,1
4659,10018,0
41,10866,0
2984,16006,1
903,19900,0
4288,18533,0
3756,4897,0
4538,23364,0
443,18613,0
3420,503,0
1717,11789,0
218,8028,0
2503,13247,0
3110,8942,0
4422,13732,0
4120,3243,0
369,389,0
3070,812,0
843,5482,0
3596,15243,0
4617,17925,0
2411,8655,0
3195,12815,0
3249,4294,0
2789,25671,0
3146,8232,0
2235,3127,0
2395,22566,0
2927,7357,0
1241,7021,0
3192,25266,0
3351,7373,0
767,6026,0
4263,25193,0
4058,3954,0
4408,12311,0
4138,6750,0
4660,5407,0
3335,17068,0
3565,24982,0
2821,26513,0
3092,14814,0
1840,14844,0
2970,17821,0
1006,21372,0
2574,14793,0
1654,19774,0
846,7152,0
2417,25544,0
152,2012,0
3356,18024,0
4604,4782,0
3736,818,0
5270,15414,0
4191,22341,0
1008,15839,0
1537,21565,0
1545,16165,0
2764,5097,0
375,7132,0
3840,25769,0
3680,18433,0
3336,11530,0
3764,26622,0
3991,11098,0
2232,5171,0
1777,15237,0
1893,5345,0
3711,17823,0
2576,3686,0
3757,24095,0
336,13559,0
3996,8609,0
641,22645,0
1825,12730,1
3075,20331,0
1692,23188,0
2781,1934,0
4710,17602,0
3026,18815,0
4395,14485,0
2447,8519,0
4122,22899,0
4399,25209,0
1650,14829,0
507,16074,0
684,25627,0
1679,19456,0
1013,26453,0
1389,16533,0
1966,6929,0
4413,4458,0
4146,15735,0
1534,22083,0
368,12772,0
3477,24144,0
2421,17324,0
2713,10416,0
5176,13,0
1843,15190,0
5101,6719,0
2643,23901,0
3251,1168,0
4663,304,0
2689,20205,0
258,7670,0
4906,20583,0
1140,9047,0
156,17803,1
3661,16929,0
1799,21119,0
2227,10281,0
5157,18142,0
4060,20173,0
3959,12079,0
1955,20447,0
679,22494,0
4872,20736,0
1914,17029,0
3917,9740,0
5147,24598,1
2389,1923,0
3469,10518,0
1478,16828,0
5080,9085,0
4846,5022,0
1726,17576,0
485,20041,0
3059,16881,0
674,19131,0
2799,16798,0
1183,8105,0
3398,13041,0
2078,8618,0
907,15952,0
4553,11304,0
1806,15091,0
2340,6577,0
3954,669,0
4463,5489,0
3161,8295,1
3556,5946,0
4403,21985,0
3867,1124,0
1310,21758,0
3537,1319,0
3507,18790,0
1959,10046,0
4835,17174,1
4958,22191,0
1811,1171,0
791,8326,0
2296,11145,0
4656,8797,0
4273,7464,0
2562,3454,0
1935,10187,1
1703,2845,0
3379,11349,0
3066,2935,0
113,25365,0
2119,10530,0
2187,7908,0
2484,15351,0
2016,17779,0
989,25036,0
3578,960,0
2015,15612,0
2937,10311,0
172,10930,0
709,3156,0
3376,17697,0
3338,17728,0
3216,22436,0
2928,3753,0
4916,5725,0
5054,17669,0
3884,13780,0
1056,23831,0
588,13085,0
1626,24712,0
1768,20228,0
1257,15102,0
2048,7544,0
5295,16990,1
3586,22382,0
2793,5549,0
1793,6523,0
1957,25059,0
504,3233,0
3272,13037,0
1343,6014,0
3985,19853,0
2165,22080,0
4192,9773,0
1529,19741,0
4185,17995,0
4746,143,0
2749,18688,0
1884,14366,0
3499,5237,0
4496,21997,0
4928,24378,0
2472,19864,0
1962,20494,0
1400,6522,0
366,8177,0
3081,7701,0
3773,15718,0
2207,13163,0
4311,11380,0
4693,7862,0
5292,19029,1
484,13692,0
4015,1516,0
1136,10227,0
3047,26688,0
1634,22466,0
2234,7598,0
593,26164,0
1021,15390,0
3432,21452,0
1435,10266,0
3588,9751,0
1000,9373,0
2292,10135,0
5248,9999,0
1746,16105,0
4951,3193,1
4599,17059,0
2609,14578,0
4827,18884,1
3479,15327,1
3590,26566,0
264,5591,0
1459,11454,0
2580,13499,0
4242,3517,0
765,14828,0
40,26377,1
2540,8317,0
2518,13211,0
4690,24016,0
4754,21774,0
1246,12997,0
5278,8957,0
412,15388,0
1877,12416,0
1483,399,0
3257,18959,0
4493,25399,0
640,1131,0
1573,8327,0
3048,5076,0
3327,10578,0
2219,3108,0
945,11460,0
4513,2640,0
126,17132,0
1705,2133,1
3716,12305,1
4056,19275,0
854,18885,0
2617,14496,0
3705,9365,0
4066,9587,0
2953,10843,0
2454,25331,0
3555,20369,0
59,23636,1
3774,8443,0
1644,2992,0
3784,21804,0
3134,17502,0
2322,12061,0
3933,23491,0
3425,3966,0
4714,22084,0
1980,13903,0
583,22945,0
4895,21209,0
2446,13079,0
4118,12960,0
3513,12316,0
1665,5525,0
1260,11315,0
537,18577,0
2028,16326,0
2466,3505,1
544,21225,0
842,15971,0
1020,26103,1
189,3400,0
1440,5410,0
2475,12304,0
4091,10100,0
4224,9003,0
2714,2663,1
5249,2836,0
3564,6755,0
4373,14966,0
3746,5339,0
4314,18341,0
1538,16559,0
2066,20499,0
4662,8640,0
920,9939,0
4729,25139,0
3796,26337,0
3913,9945,0
4940,3949,0
4067,12643,0
1286,22767,0
4716,4602,0
3554,17456,0
4387,22964,0
873,16213,0
2037,9806,0
1290,14186,0
3806,3607,0
2589,1740,0
1844,9755,0
3883,12883,0
1802,24615,0
4718,16492,0
3545,12255,0
1227,25938,0
4170,21148,0
2762,13155,0
2383,14250,0
3266,16475,0
1997,2474,0
677,12704,0
4081,10886,0
5085,22932,0
3044,6933,0
797,1586,0
782,1438,0
4540,20823,0
5031,18662,0
5260,2323,0
2978,2258,0
4974,14400,0
5315,12666,0
3113,17844,0
1886,26698,0
5328,16941,0
3415,13641,0
1947,451,0
4218,22795,0
1906,11911,0
4594,20453,0
727,21055,0
1759,24402,0
2370,1382,0
9,23288,0
378,25447,0
699,19213,0
2811,9536,0
1745,322,0
4026,2418,0
2966,2535,0
345,10373,0
527,4072,0
5228,23495,0
3726,16401,0
1969,17815,0
3900,7327,0
1205,2948,0
955,4853,0
4999,19086,0
3610,17897,0
2606,3526,0
918,25049,0
3895,684,0
3433,5120,0
2869,16747,0
2020,4342,0
616,21620,0
2577,20374,0
2443,21960,0
2730,25008,0
1338,4140,0
546,11935,0
545,16373,0
158,17107,0
5289,18397,0
4638,17717,0
1525,25149,0
2800,21610,0
5236,6456,1
2964,2641,0
4733,248,0
1313,26641,0
4588,11671,0
404,12580,0
4239,17708,0
225,19970,0
399,14314,0
1946,2743,0
4649,526,0
177,23414,0
1412,24746,0
972,10977,0
4893,12432,0
2809,20035,0
2058,1648,0
2428,14027,0
2163,9789,0
5099,19867,0
4930,16904,0
4792,6641,0
693,6474,0
4133,14473,0
3003,10957,0
1179,24083,0
4864,23876,0
3609,17962,0
3281,11917,0
4523,8118,0
179,11682,0
625,3071,0
2776,2954,0
4252,10315,0
1370,12709,0
2973,25044,0
2638,2290,0
991,2852,0
4084,21455,0
466,11256,0
3551,16338,0
416,22505,0
3088,20803,0
4050,8304,0
2516,4531,0
3724,11214,0
4828,4971,0
3232,19854,0
2892,7367,0
3122,6277,0
4706,16360,0
4294,24734,0
2583,22644,0
350,11889,0
32,411,0
1592,15555,0
3124,15063,0
2473,8961,0
4888,9031,0
1237,17080,0
1119,18996,0
3040,5929,0
4887,18353,0
312,7711,0
2032,20914,0
4949,16999,0
671,918,0
2333,14641,0
4854,25855,0
1031,12766,0
5008,24447,0
5136,15491,0
91,26621,0
275,15587,0
1123,2219,0
2558,2979,0
2904,7130,0
1085,68,0
1794,16038,0
1162,14158,0
2930,84,0
4227,3389,0
2847,3301,0
78,13702,0
3880,3524,0
2542,17382,0
2147,17613,0
3631,9045,0
947,14656,0
5118,22498,0
1249,13347,0
2911,16854,0
4624,5627,0
2680,7025,0
891,22291,0
4027,3771,0
1347,9369,0
1495,6329,0
2916,4666,0
2745,23573,0
774,5133,1
4616,4087,0
4811,21211,0
2759,16576,1
853,20351,0
386,26684,0
1652,21656,0
157,23923,0
2492,18878,0
5154,18654,0
4582,24259,1
2870,11918,0
3314,26087,0
3571,13454,0
3380,23114,1
4551,4553,0
448,19099,0
2189,23155,0
5144,16864,0
3366,18969,0
4585,24005,0
2441,5057,0
1667,23138,0
288,26306,0
4544,15174,0
3435,23335,0
1047,24105,0
1855,8725,1
2399,16565,0
380,11529,0
1169,8729,0
4479,5210,0
1311,19205,0
2559,4585,0
1763,16073,0
3132,2799,0
4245,24654,0
1505,14847,0
554,18575,0
1985,11903,0
5335,22673,0
4247,1521,0
2352,10917,1
2347,7477,0
2707,9232,0
250,21456,0
3994,9392,0
5251,6425,0
4272,23851,0
2573,8923,0
2462,17946,1
170,16841,0
560,23434,0
5032,23050,0
707,1661,0
3098,4915,0
364,9370,0
5182,795,0
5227,16971,0
1751,5074,0
3233,13629,0
2521,21813,0
3487,8566,0
1938,8960,1
811,12165,0
3873,3782,0
4379,24688,0
3737,12805,0
805,17371,0
4470,19703,0
4768,6629,0
1488,26456,0
3337,16932,0
3046,23824,0
4371,4551,0
2919,7057,0
1275,26514,0
5022,23815,0
3702,14887,0
3552,14685,0
2405,16989,0
3176,16367,0
615,3420,0
4668,15263,0
5091,22941,0
2159,20665,0
4896,4789,0
741,19533,0
3363,4692,0
2957,6387,0
4144,6045,0
2079,14598,0
3453,708,0
2633,21312,0
755,19468,0
1645,21315,0
3325,21716,0
3444,22832,0
4508,7539,0
1477,20383,0
3608,12150,0
1274,23738,0
526,20043,0
136,6544,0
2012,3974,1
1055,15482,0
2543,11942,0
3050,19912,1
4963,20587,0
810,3009,0
149,13207,0
2410,23912,0
301,24754,0
2747,26680,0
5322,11822,0
3413,1639,0
2722,3277,0
1956,7735,0
1764,22169,0
3494,25479,0
3735,17230,0
4140,8289,0
4905,13349,0
1552,1241,0
388,2468,0
5023,19103,0
5215,24299,0
4217,22222,0
3103,25152,0
4271,5153,0
569,14385,0
2866,4057,0
1104,2333,0
2958,2621,0
15,7984,0
5336,18287,0
5,10062,0
1627,18063,0
5133,12183,0
3101,5760,0
1057,895,0
3001,25507,0
1530,19817,0
3749,14245,0
4762,1498,0
4565,25555,0
3372,16498,0
3833,23108,0
273,5644,0
3548,13935,0
3328,2600,0
2587,18070,0
4589,23075,0
4261,11364,0
2517,4362,0
5123,3932,0
1033,6824,0
245,15134,1
3177,22697,0
1092,21683,0
3847,6221,0
1579,9826,0
4699,10422,0
4201,22469,0
2786,7649,0
5110,12662,0
659,22594,0
2857,21448,1
1117,18067,0
1424,3673,1
2560,1110,0
5231,6812,0
1639,3081,0
1215,23376,0
3987,646,0
168,8485,0
5064,24642,0
4933,12413,0
635,17661,0
347,22352,0
2659,25373,0
2225,15512,0
5166,10221,0
2698,3945,0
2906,24692,0
5254,24405,0
3703,17893,0
3214,663,0
1473,10748,0
2476,89,0
3155,6276,0
1170,19168,0
3629,3018,0
584,1997,0
3853,14530,0
4890,4960,0
4808,8754,0
4421,14120,0
5173,1728,0
2880,544,0
82,4537,0
5184,2589,0
3914,14932,0
3580,3662,0
3771,19666,0
1714,7902,1
54,13924,0
1102,11187,0
3953,23001,0
3710,26127,0
3558,24096,0
1255,1580,0
4732,16136,0
4392,12828,0
3947,1797,0
5100,18206,0
2298,7724,0
3350,19962,0
4336,330,0
2457,22986,0
1157,5318,0
5128,20641,0
3957,97,0
3062,18000,0
362,24275,0
4794,20359,0
3460,14873,0
5168,11147,0
4982,3229,0
4726,19287,0
2718,205,0
2396,4476,0
1845,23659,0
4359,25265,1
4029,7155,0
3676,22847,0
3892,26055,0
2238,2750,0
2539,24428,0
3163,269,0
4013,9200,0
1646,9651,0
4139,23028,0
337,19603,0
4107,26269,0
1879,18513,0
476,10581,1
4988,16814,0
1638,13764,0
995,14421,0
868,15917,0
3929,9692,0
3927,10905,0
3159,3649,0
4557,21899,0
2806,18953,0
1847,22366,0
4380,3080,0
38,14435,0
2525,14678,0
2176,10375,0
81,26278,0
862,3068,0
330,14254,0
3988,8673,0
3247,20982,0
1074,13942,0
3730,434,0
3436,7445,0
252,24418,0
1242,15570,0
132,6956,0
3600,23642,0
550,14564,0
3718,26625,0
2491,10902,0
3874,20571,0
468,20434,0
4860,3175,0
631,6846,0
3200,3952,0
1597,3713,0
23,25716,0
3894,3911,0
1134,12053,0
823,4155,0
3589,25632,0
3279,9552,0
4939,9699,0
1730,14777,0
1346,810,0
617,13660,0
1958,12187,0
5087,21642,0
645,9132,0
820,7521,0
4109,9643,0
1694,10185,0
2477,8733,0
1800,11617,0
5106,5334,0
1125,16452,0
4396,16472,0
373,20759,0
4697,22680,0
1536,16067,0
1418,24660,0
3196,26478,0
928,3800,0
500,22208,0
1430,13758,0
896,17197,0
379,4878,0
5122,12771,0
2382,14051,0
4885,3478,0
2501,15519,0
1641,6089,0
1236,22049,0
2070,3958,0
348,11373,0
4113,20704,0
3355,14348,0
2549,24690,0
603,10512,0
3273,5985,0
5058,492,0
147,21908,0
4318,5330,0
1915,6346,0
2031,19873,0
383,20385,0
2287,25635,0
4119,6410,0
3976,18880,0
4531,7738,0
5308,18535,0
1038,18700,0
393,5752,0
5125,8053,0
3823,12221,0
5302,10330,0
2736,9925,0
2205,23562,0
84,8041,0
4913,4359,0
4016,17702,0
3858,26292,0
1891,9753,0
2570,10371,0
1868,12695,0
1593,20297,0
694,5973,0
3241,7601,0
423,7093,0
1735,11340,0
745,8946,0
5277,4907,0
1874,15744,0
4800,10614,0
555,870,0
3294,12941,1
5334,11127,0
1625,8780,0
2920,23728,0
3885,13583,0
2222,2156,0
2101,12800,0
3437,15899,0
3698,8872,0
2888,11664,0
351,6844,0
327,5531,0
3694,10794,0
210,8569,0
1429,9867,0
3222,22539,0
3653,13824,0
3189,26613,0
4205,19259,0
3780,14332,0
763,652,1
1660,21887,0
4230,16485,0
3529,21286,0
1796,19711,0
3599,20572,0
3984,4424,0
4306,12487,0
4164,1838,0
2440,23696,0
963,9793,0
4086,17774,0
3288,5488,0
203,7316,0
3188,1066,0
4295,8949,0
856,2260,0
2425,2453,0
3399,24018,0
4506,19839,0
3392,15553,0
1676,3971,0
339,14766,0
4730,18345,0
3490,8005,0
2330,22168,0
3390,6136,0
812,25360,0
445,11370,0
3491,20274,0
1438,25171,0
5181,15212,0
3297,22805,0
3977,8423,0
1065,1520,0
2156,6634,0
4875,5920,0
783,2278,0
293,17404,0
4194,6262,0
2104,1185,0
2913,274,0
3408,14339,0
1165,7139,0
2647,6215,0
1326,25147,0
1772,1715,0
556,3260,0
215,19016,0
4665,23626,0
1335,24117,0
2571,10374,0
501,20874,0
1203,13859,1
1493,19689,0
4848,2574,0
1632,7897,0
1284,26634,0
1972,9063,0
2241,22546,0
130,10061,0
4867,5984,0
1256,17178,0
4321,20027,0
3446,6082,0
98,3192,0
1558,26133,0
1742,23678,0
5192,1086,1
2061,18616,0
4695,19604,0
2464,11131,0
2744,11528,0
4989,13809,0
2236,8356,0
457,1472,0
4530,9737,0
3611,15010,0
2746,6999,0
3568,6007,0
1280,14278,0
3083,14612,0
2520,14161,0
3630,23691,0
1718,1253,0
4694,1795,0
5155,18465,0
4174,7418,0
3055,18839,0
4128,6756,0
438,25659,0
2655,23195,0
1557,2970,0
1587,21920,0
3946,17952,0
1516,18848,0
4462,8332,0
3400,482,0
2963,13699,0
5312,17965,0
4912,18231,0
3671,1463,0
541,9357,0
2008,4802,0
3037,10629,0
3145,11471,0
4985,12462,1
374,17387,0
1776,17495,0
3869,25071,0
3231,19824,1
3374,17491,0
1643,5247,0
1702,22108,0
511,4252,0
1647,390,0
2450,25303,0
746,1195,0
247,1156,0
346,24314,0
3696,3470,0
2246,14196,0
3667,3829,0
1995,16928,0
3250,17117,0
1823,13385,0
110,13080,0
3229,14154,0
2082,21339,0
573,10871,0
3772,3049,0
2371,10712,0
2030,16043,0
4591,16532,0
904,13192,0
3238,12264,0
2054,11278,0
3385,9182,0
3983,17943,0
3732,12301,0
2988,16152,0
2788,232,0
320,25749,0
2565,875,1
2390,22640,0
2077,13557,0
2230,22729,0
1415,3608,0
1939,24576,0
3944,25830,0
1996,9863,1
1470,15545,0
3550,26300,0
3604,26457,0
2511,18643,0
1578,1901,0
2593,5865,0
5307,26317,0
455,4893,0
5160,11947,0
1334,10959,0
4614,25787,0
4962,7430,0
985,16460,0
4598,10307,0
1535,7661,0
1677,2139,0
495,6570,0
3645,14708,0
5193,13048,0
4647,11135,0
2151,25922,0
1835,9743,0
1164,23070,0
5164,19650,0
1474,5090,0
46,8602,1
1015,17124,0
4093,10868,0
1423,8066,0
4478,10759,1
3975,1816,0
278,12989,0
3261,11806,0
2099,24165,0
796,5803,0
4025,26502,0
3417,5585,0
915,3307,0
4682,8491,0
1064,11451,0
1981,16677,0
5245,848,0
311,373,0
3262,1574,0
79,1850,0
4882,16521,0
1229,26703,0
5119,11316,0
2801,20638,0
1421,17189,0
2796,10805,0
852,19989,0
5208,24760,0
2824,1708,0
668,3170,0
5172,19601,0
3766,4192,0
5012,20448,0
4274,19519,0
4353,6018,0
1599,22060,0
4873,1084,0
4685,22670,0
3182,10539,0
2341,1492,0
3340,11174,0
1604,8055,0
3530,15219,0
3567,24217,0
237,14230,0
965,2783,0
551,420,0
415,14393,1
4089,9302,0
2153,4548,0
4233,8258,0
3707,22140,0
4267,15551,0
790,13585,0
736,9239,0
112,203,1
4237,24917,0
1245,24159,1
2901,359,0
223,23752,1
3458,13282,0
391,8303,0
4419,3632,0
3752,7185,0
2127,20190,0
1971,11852,0
4921,8604,0
5256,19083,0
983,23689,0
4075,8324,0
1163,17428,0
4501,2660,0
4256,23048,1
1292,7337,0
2637,14276,0
2772,1893,0
5240,13231,1
618,17517,0
349,26179,0
4096,5476,0
299,1543,0
704,18224,0
472,14040,0
4914,13514,0
600,15730,0
3404,13802,1
447,1540,0
4453,25585,0
47,4886,0
4609,9327,0
1398,1692,0
1818,13072,0
88,16599,0
2864,9070,0
3045,10321,0
2625,19387,0
639,15847,0
5006,26114,0
4334,12804,0
3813,24499,0
4165,8856,0
4374,17802,0
3377,9967,0
3797,22632,0
3777,22105,0
1603,13532,0
3650,1857,0
3691,25385,0
3056,6307,0
285,10656,0
4320,25222,0
5226,14901,0
2204,26693,0
5200,18682,0
5076,23505,0
4520,20514,0
2639,21875,0
4276,7538,0
4095,3537,0
3378,7665,0
33,18701,0
3,20631,0
2917,17876,0
5201,25988,0
1371,17755,0
3020,23008,0
528,6165,0
3313,5277,0
1732,15811,0
2276,17497,0
1206,15206,0
1863,19069,0
2896,9888,0
120,158,1
219,23823,0
3054,25804,0
2610,18356,0
2807,20591,0
4972,13121,0
4619,12347,0
1445,20516,0
4791,19262,0
1869,5731,0
4984,8633,0
4188,16902,0
1934,8132,0
4952,7350,0
1437,13774,1
3071,7087,0
169,19164,0
4621,18892,0
2661,12134,1
2055,4386,0
666,26070,0
5084,16712,0
442,10941,0
5332,23899,0
4711,1736,0
762,8920,0
5159,24490,0
4780,5732,0
3367,14500,0
1813,23666,0
2251,4848,0
1076,21962,0
212,6385,0
483,3345,0
2021,13035,0
2406,23957,0
3137,18410,0
446,3860,0
65,1655,0
930,4771,0
2299,510,0
2103,219,0
4998,9835,0
3041,13701,0
4545,20822,0
3072,12908,0
2360,9894,0
99,6334,0
3615,20798,0
4178,5386,0
462,2134,0
4300,14001,0
3519,16406,0
3924,2994,0
479,19893,0
3485,16632,1
4108,6469,0
1989,7956,0
4204,17368,0
3004,14830,0
4223,18229,0
2283,4234,0
503,7933,0
716,13316,1
3518,10948,0
424,11354,0
3968,17114,0
3986,8626,0
1642,3980,0
3831,13578,0
405,5062,0
1519,21407,0
633,12933,0
4471,25381,0
1211,5347,0
3855,7499,0
52,14521,0
4289,4455,0
4891,9269,0
302,21628,0
1774,15832,0
4317,9697,0
1862,20969,1
1968,9311,0
3910,6543,1
2209,4895,0
1708,18569,0
4088,13622,0
4524,12216,0
5009,12504,0
1439,18095,0
2871,14575,0
1460,18284,0
2369,12546,0
3237,473,0
936,6923,0
4221,25525,0
2307,20295,0
3362,19712,0
4458,24860,0
1366,11347,1
3846,14402,0
2229,7898,0
4956,15982,0
1270,7061,0
1374,25739,0
2954,5259,0
246,6292,0
1849,22061,0
5341,26020,0
4845,5479,0
1499,20481,0
1610,19060,0
5029,20197,0
4034,7420,0
4394,14667,0
3819,18877,0
3549,450,0
733,10163,0
4485,7129,0
1992,7785,0
636,4669,0
1715,25772,0
647,8748,0
4466,17315,0
1411,25857,0
4184,24285,0
1068,16964,0
3634,20946,0
3165,8464,0
4461,20063,0
358,6633,0
2224,24850,1
5214,21387,0
1611,21143,0
2293,21261,0
2992,23440,0
5296,17684,0
2727,762,0
2431,8065,1
5247,25520,0
4918,25183,1
206,11113,0
3640,17762,0
2695,2859,0
296,24352,0
1027,20581,0
3952,3223,0
205,11003,0
4078,15500,0
2265,6105,0
5109,12262,0
3252,16742,0
2726,10218,0
3230,11525,0
4412,19884,0
2275,8909,0
3725,26259,0
1097,13893,0
4502,16357,0
2595,570,0
1220,7298,0
3981,13476,0
2685,13427,0
487,3822,0
4248,14837,0
1522,20813,0
1209,15224,0
2975,16500,0
566,11121,0
1880,12729,0
4302,22538,0
4383,14954,0
2886,11681,0
5062,17545,0
1588,10678,0
2148,17261,0
3569,26470,0
3149,14897,0
3464,6959,0
998,9136,0
2069,15278,0
2756,16020,0
1061,10916,0
1419,8549,0
2171,13438,0
456,19875,0
4760,23275,0
3492,10693,0
5036,11985,0
2682,5040,0
781,17630,0
151,1598,0
1463,16170,0
4516,25683,0
36,22854,0
697,5881,0
1166,24337,0
4092,19476,0
3034,26356,0
4153,10433,0
4796,10862,0
93,16172,0
713,19894,0
4641,17291,0
3577,1123,0
5175,7947,0
1024,22592,0
3812,9899,0
992,2905,0
3463,15904,0
1724,7582,0
4348,7726,0
3990,6585,0
2112,22557,0
123,13682,0
3043,4503,0
71,9966,0
261,23100,1
3069,1605,0
3574,17347,0
45,21639,0
4798,4977,0
4761,6513,0
3727,7820,0
598,14817,0
1007,5026,0
3820,781,0
1585,26060,0
2551,17435,0
2544,5745,0
605,5744,0
3945,18357,0
4250,16912,1
153,6380,0
4724,2497,1
673,9443,0
3386,654,0
2010,11412,0
3151,21358,0
2817,13480,0
1225,13355,0
2398,25516,0
2479,285,0
5232,15021,0
3701,16846,0
3926,18026,0
4954,26248,0
5060,17631,0
3403,24388,0
2768,5882,0
2679,2578,0
2001,20026,0
187,4043,0
2965,21713,0
5219,16076,0
2365,22419,0
3930,5556,0
2504,14907,0
1827,5810,0
1373,5004,0
1321,14584,0
304,16960,0
140,908,0
2564,4786,0
660,13833,0
4704,23360,0
83,25564,0
1945,3749,0
1137,19425,0
1194,6671,0
1095,21922,0
764,9996,0
324,4506,0
1196,16938,1
3121,15852,0
353,13617,0
3517,23429,0
1569,6969,0
3692,107,1
4292,17617,0
5194,23892,0
4993,20521,0
1619,20833,0
146,17892,0
575,2235,0
53,3023,0
2528,9582,0
1925,4983,0
1867,22424,0
637,1013,0
2467,15079,0
1923,3793,0
4415,22054,0
2943,8000,0
5137,23081,0
4894,14759,0
4007,16888,0
4365,21347,0
2859,7324,0
2201,7014,0
863,20458,0
1062,7592,0
1369,8214,1
4196,9547,0
3474,26413,0
3357,11017,0
4023,26532,0
4337,11090,0
2658,16147,0
564,6470,0
1839,22069,0
4440,20816,0
235,11269,0
4852,26216,0
2486,16382,0
4945,25754,0
3776,18576,0
2044,22530,0
3657,25457,0
2105,9425,0
4437,5976,0
748,11906,0
4236,26654,0
1908,15119,0
430,19793,0
4653,14021,0
3665,20747,0
496,20688,0
1905,6063,0
2755,23026,0
3269,10398,0
2132,23683,0
1110,24169,0
1416,21604,0
2757,252,0
3638,1560,0
4284,12439,0
4195,5118,0
1333,21846,0
2413,7505,0
5148,530,0
1146,13426,0
2071,16256,0
931,11489,0
1739,24422,0
1181,5220,0
1262,15923,0
4759,4556,0
3381,21059,0
2115,11479,0
1144,9075,0
932,24859,0
649,13721,0
3898,2607,0
4550,2406,0
705,7208,0
917,24056,0
211,11426,0
1039,13797,0
3614,15669,0
944,9297,0
2740,16732,0
2198,20700,0
3934,8812,0
2170,15104,0
1107,25675,0
229,4628,0
772,22510,0
4494,21234,0
3787,24628,0
594,25321,0
5003,18262,0
31,1004,0
2130,2273,1
836,11630,0
914,10987,0
2854,13177,0
2822,5338,0
2715,981,0
1666,23939,0
3785,4059,0
3341,13748,0
3522,26486,0
1150,16915,0
4420,11776,0
4861,19141,0
381,18597,0
726,3833,0
310,1759,0
3027,10465,0
3331,23460,0
5130,23718,0
4121,22204,0
4802,22183,0
4331,7173,0
3515,5830,0
4068,18672,0
1469,11762,0
85,18392,0
2166,18118,0
768,2178,0
3636,15783,0
3470,3360,0
1901,2143,0
5102,13508,0
3119,4905,0
547,6057,0
4244,14917,0
4048,11870,0
3039,24325,0
11,26271,0
4633,827,0
2367,672,1
338,19044,0
4390,21179,0
283,16354,1
3395,24685,0
1743,21794,1
2572,21340,0
1563,23684,0
747,14618,1
2208,23927,0
3573,4765,0
3343,4841,0
3454,3322,0
3389,19987,0
1502,11171,1
848,7823,1
4919,16468,0
1327,10176,0
4670,956,0
334,18795,0
1514,16394,0
2043,518,0
390,5588,0
2855,16996,0
3993,15005,0
2944,14978,0
1247,6594,0
4046,22823,0
5244,15407,0
2868,22608,0
4416,21793,0
2843,1909,0
1149,7205,0
2942,1572,0
542,12320,0
4099,20661,0
5263,22007,0
34,6363,0
4900,4690,0
2851,11093,0
997,869,0
5000,10424,0
2305,16191,0
181,4927,0
2272,7740,0
4627,25459,0
2401,20117,0
1406,25197,0
3681,25945,0
389,3224,0
2669,22118,0
5287,24212,0
1154,22220,0
1728,15422,0
1907,7690,0
352,4423,0
5135,7143,1
3818,11325,0
1395,17869,0
2774,24049,0
3352,12387,0
3104,9083,0
1693,20984,0
4483,25498,0
3180,21815,0
2598,5991,0
5142,16282,0
1417,26243,0
376,13620,0
494,23340,0
2899,10556,0
3843,12854,0
4976,10106,1
2611,4434,0
3935,15218,0
5079,9469,0
162,22487,0
644,11818,0
4994,6681,0
4208,18431,0
4296,16312,0
999,23389,0
4000,11232,0
4961,8137,0
3078,25903,0
3391,3923,0
3296,6823,0
2228,15505,0
4691,22967,0
2697,19199,0
1681,4431,1
2009,13360,0
1221,5940,0
973,12911,0
1172,22684,0
2690,9486,0
4671,26611,0
4910,18468,0
5158,8113,0
3283,2885,0
4073,18945,0
4497,12555,0
1669,6991,0
4154,6910,0
3109,9091,0
4757,22730,0
2325,12673,0
1974,2642,0
3254,460,0
2863,15272,0
5329,5690,0
643,310,0
4605,5046,0
3544,15807,0
3310,12530,1
244,4852,0
2882,16963,0
4166,20647,0
240,12531,0
941,19081,0
2150,9772,0
3830,16002,0
3503,20186,1
1620,1652,1
3642,17381,0
2006,4207,0
4484,21467,0
4042,21395,0
966,8991,0
2108,18282,1
2351,16138,0
2691,24037,0
4586,19072,0
627,23943,0
2646,301,0
5153,25397,0
3915,12664,0
2414,21413,0
2400,7991,0
2976,7048,0
1396,20628,0
4651,23635,0
1188,17003,0
4975,8837,0
4074,5445,0
3405,24080,0
2057,7922,0
4454,14289,0
514,11133,0
4596,5351,0
2288,15067,1
1383,26043,0
937,7693,0
3018,12674,0
2700,3602,0
761,6130,0
4684,5823,0
5145,8674,0
1752,17308,0
1455,19492,0
981,23476,0
1594,3557,0
702,2778,0
4563,17169,0
2555,15903,1
1305,26507,0
2142,6587,0
4032,25748,0
3644,11660,0
3162,19313,0
3089,14747,0
1942,9707,0
1927,2878,0
780,19914,0
3863,8976,1
759,23196,0
2291,18783,0
1291,4068,0
2300,12273,0
1060,9240,0
3397,7547,0
3779,19840,0
3359,506,0
970,706,0
892,12314,0
3967,1681,0
434,5213,0
3185,14188,0
4411,23909,0
4079,6674,0
2717,1983,0
2723,13327,0
1407,11566,0
1361,7303,0
370,1671,0
2720,21993,0
2769,19676,0
809,7609,1
3136,24609,0
428,13148,0
1565,1462,0
3496,21165,0
1443,19264,0
2590,25694,0
4491,15499,0
2808,4191,0
794,11739,0
968,7427,0
568,13105,0
284,20545,0
4423,19952,0
4226,23153,0
1032,11166,0
3989,23087,0
788,4509,0
2328,5540,0
949,2961,0
1042,21623,0
1614,14528,0
845,14468,0
3194,2788,0
4431,7147,0
1178,22263,0
1898,26531,0
63,15155,1
3333,8408,0
1113,4644,0
4402,13203,0
4047,5281,0
3199,25942,0
3606,16541,0
3966,19837,0
4322,10522,0
2556,11433,0
5092,25218,0
2067,9324,0
1115,9690,0
4750,2882,0
1265,4583,0
877,6402,0
1393,26294,0
3525,20744,0
502,9410,0
729,14593,0
2436,15510,0
4763,17244,0
4362,2297,0
3484,14513,0
4110,9381,0
827,20702,0
2701,6192,0
3685,1979,0
3424,6765,0
3617,12923,0
3263,12747,0
282,26272,0
743,24555,0
3246,18749,0
2990,901,0
611,5791,0
1551,15365,0
3007,16569,0
2662,6799,0
4287,22926,0
1544,4316,0
732,8535,0
4116,6537,0
2506,21918,0
1657,2958,1
154,20896,0
1948,21787,0
3285,5319,0
1354,14238,0
4738,14632,0
837,26582,0
233,21589,0
2893,16540,0
1961,21991,0
231,8217,0
596,4900,0
1336,22386,0
3527,21632,0
3019,6473,0
3211,5572,0
5044,21266,0
1848,11118,0
2186,18814,0
787,16239,0
2269,3403,0
3445,8242,0
2585,23508,0
2795,14769,0
2671,2238,0
4696,14333,0
1560,284,1
3406,5578,0
4601,12786,0
2716,17550,0
25,17540,0
3370,20699,0
1356,20138,0
1089,7530,1
14,4750,0
1235,23479,0
3576,11974,0
2257,22279,0
467,26401,0
5086,4172,0
4702,16503,0
849,25815,0
2867,11139,0
3225,16490,0
4260,7812,0
1404,19404,0
2853,3392,0
3620,20949,0
3441,5812,0
4111,3848,0
1883,7429,0
1700,23212,0
232,7296,0
3181,12721,0
1080,16389,0
3468,11573,0
2665,2966,1
516,11470,0
1546,14150,0
141,20942,0
171,15797,0
1457,22597,0
996,8035,0
650,12312,0
4566,16681,0
2895,24466,0
2315,13329,0
1155,24964,0
2601,12369,0
431,9784,0
4997,18756,0
2014,22154,0
2645,19058,0
2804,9763,0
2833,9456,0
871,10979,0
55,17780,0
4980,6972,0
5001,4512,0
2059,24884,0
4562,23502,0
4171,24959,0
277,18116,0
1515,19815,0
2317,14653,0
1659,1637,0
4674,9606,0
4135,15664,0
1253,18035,1
2535,8033,0
208,20861,0
2618,15594,1
3575,7217,0
5233,6106,0
2183,16037,0
1413,20326,0
395,8450,0
4870,26026,0
2459,723,0
2557,17301,0
833,3654,0
3129,17558,0
3052,10141,1
5279,10431,0
5326,20800,0
3009,9056,1
2604,13712,0
3859,19250,0
4871,1949,0
4393,7428,0
2438,17996,0
2955,8623,0
2368,9647,0
2703,8774,0
3570,5072,0
3361,15202,0
5262,20730,0
4832,20866,0
870,22848,0
1028,14492,0
1903,2410,0
911,20244,0
4228,5741,0
3782,3587,0
4947,25509,0
2728,5103,0
3654,21943,0
2377,6819,0
2180,22213,0
591,3055,0
2938,7840,0
520,3270,0
5229,4746,0
2989,23367,0
2830,22149,0
3912,24198,0
744,547,0
2823,13144,0
2091,17753,0
2202,11329,0
2802,17620,0
4840,22937,0
1640,25881,0
1801,15754,0
3461,21712,0
534,21834,0
3480,18230,0
3941,6928,0
325,4513,0
97,6313,0
2277,2687,0
4770,13771,0
2248,3504,0
1736,5562,0
2842,6562,0
1998,11984,0
828,22124,0
5134,1538,0
672,20568,0
4822,16276,0
3597,22663,1
1105,2061,1
4581,11647,0
887,13330,0
429,23766,0
2654,13306,0
2997,16560,0
646,15122,0
572,13745,0
1442,15665,0
3531,19061,0
281,18862,1
280,5211,0
58,8934,0
5243,21421,0
1929,3842,0
2753,14770,1
3452,15303,0
3817,20722,0
1682,17431,0
1865,15298,0
4303,2500,0
1940,23475,0
2237,2212,0
3060,15677,0
2233,19332,0
1766,5389,0
2375,13747,0
4546,19116,0
307,18890,0
1964,3779,0
4510,20398,0
3708,9120,0
1755,9569,0
2173,17485,1
2725,24914,0
243,11641,0
1362,18635,0
4065,12119,0
604,13658,0
1804,19356,0
4200,15979,0
935,8299,0
2391,19036,0
4597,10785,1
1446,19835,0
1965,17757,1
5253,24665,0
2897,18333,0
3423,5179,0
3938,21010,0
4636,24451,0
2845,13047,0
4904,21692,0
1046,3569,0
4829,15531,0
518,15532,0
21,86,0
1141,21171,0
4077,20687,0
427,23721,0
3793,1293,0
2485,5390,0
418,17299,0
2157,19110,1
1497,14415,0
3955,23518,0
3393,522,0
1466,12471,0
1143,22243,0
1916,4493,0
150,17070,0
4571,10008,0
1199,4730,0
3908,19629,0
1339,14372,0
2096,8870,0
1750,13934,0
4542,3042,0
3700,17657,0
2297,2147,0
3053,20334,0
3767,26612,1
3156,1102,0
2993,7647,0
3750,20657,0
1191,16930,0
3751,3289,0
2273,4452,0
5015,10076,0
582,8582,0
343,4969,0
1094,8632,1
1798,6650,0
662,382,0
3862,17538,0
1051,16817,0
1860,13678,0
1582,22249,0
1281,8103,0
66,21242,0
4708,22961,0
3919,19047,0
851,15209,0
4814,23952,0
1912,14174,0
4308,26491,0
5174,10858,0
3090,14185,0
1608,14199,0
792,24727,0
1148,7202,1
3158,7103,0
4357,15424,0
1731,24072,0
4488,19799,0
2259,19370,0
513,8123,0
2771,14927,0
2087,13640,0
2949,12066,0
1795,2104,0
4824,13295,0
2879,16855,0
217,17572,0
1719,5313,0
4378,2940,0
73,13460,0
2621,1051,0
4541,4747,0
3583,10470,0
3546,19245,0
5057,6055,0
858,828,0
723,4299,0
3021,18123,0
2029,5728,0
1993,7020,0
1337,16694,0
3315,3575,0
1151,545,0
109,5467,0
1367,23982,0
4132,12064,1
4315,23490,0
1052,22759,0
5025,18060,0
653,25205,0
4965,16119,0
398,18241,0
2194,19539,0
4361,25155,0
4168,1087,0
5048,18022,0
1202,23658,1
124,8126,0
2631,12097,0
3319,9453,0
984,23513,1
4996,23487,0
3936,25212,0
3837,21506,0
1402,20151,0
1309,12385,0
356,3613,0
3508,23049,0
3566,22754,0
2339,21941,0
1894,25233,0
3881,18189,0
1526,24965,0
2138,24264,0
1259,15124,0
1072,3195,0
1628,2222,0
3504,14696,0
2376,7465,0
2412,7607,0
5222,8730,0
2374,19237,0
1073,8622,0
3102,22518,0
5190,4464,0
3035,10676,0
3277,20734,0
2062,6685,0
4156,9009,0
923,25363,0
1425,4974,0
505,21097,0
3557,24327,0
4957,8938,0
1231,20785,0
1792,24498,0
5078,24906,0
2196,19435,0
4163,9762,0
540,4929,1
2488,22322,0
3871,3024,0
1788,7189,0
1088,2108,0
602,14895,0
3339,18723,0
1322,28,0
1636,15623,0
552,1755,0
3152,1446,0
3723,18659,0
1842,18442,0
3572,12158,0
919,10889,0
4469,7545,0
2384,7192,0
865,25879,1
5097,11324,0
2683,23580,0
619,2707,0
5024,23992,0
1936,10202,0
2929,11626,0
5310,19738,0
402,5143,0
86,13979,1
1814,20787,0
4652,15858,0
1881,24106,0
2545,2537,0
3368,8761,0
1350,22595,0
3850,3378,0
571,1343,0
5138,24192,0
2754,17482,0
3918,16000,0
3394,7553,0
2063,7476,0
4859,26426,0
5269,19327,0
4124,17651,0
4207,19158,0
271,10742,0
1571,19123,0
2738,15685,0
3091,9473,0
4080,26631,0
2512,9895,0
4590,18805,0
5041,19508,0
76,8835,0
4338,17444,0
3899,11110,0
982,17490,0
1716,14905,0
533,5541,0
752,13684,0
3291,21476,0
610,14152,0
1254,8527,0
1399,17667,0
2294,20779,0
4646,5619,0
2850,20918,0
2856,25960,0
878,8985,0
186,22089,0
1621,13930,0
10,17919,0
5002,10138,0
5146,2476,0
3330,11406,0
3025,13107,0
519,15208,0
4948,25561,0
1491,23550,0
977,24922,0
3240,5855,0
1160,9506,0
4920,4714,0
3937,21348,0
667,13830,0
3239,2848,1
2635,20170,0
3920,574,0
4626,16668,0
1722,17082,0
4134,126,0
4744,23273,0
4251,6269,1
1029,16166,0
313,18729,0
463,19269,0
1456,9604,0
1876,26588,0
4717,15854,0
4938,20769,0
1782,6507,0
1049,24971,0
4680,3603,0
3903,20519,0
1704,24822,1
1781,5246,0
651,15640,0
3346,24170,0
2692,11670,0
2122,2705,0
2386,5544,0
4966,24563,0
943,19487,0
2898,22035,0
287,20745,0
2607,17226,0
4342,16870,0
2731,14396,0
2979,18004,0
5030,21939,0
971,20159,0
3447,2595,0
1504,5203,0
4911,5180,0
1680,18449,0
1899,8975,0
3302,12498,0
2816,8520,1
1127,17429,0
1100,21524,0
515,11536,0
2468,7589,0
883,279,0
4723,9005,0
3324,20549,0
4831,13324,0
2393,16911,0
3147,16397,0
2547,23445,0
3792,8504,0
2487,18311,0
711,13728,0
4083,3781,0
441,1970,0
3809,19504,0
3080,22063,0
1856,9742,0
3709,8471,1
2344,25880,0
2922,13621,0
134,12149,0
1232,4587,0
4044,2625,0
1584,15798,1
125,14630,0
3866,11275,0
4709,8893,0
3349,7657,0
440,21201,0
1129,1814,0
1590,20210,0
3520,23132,0
731,5561,0
926,1546,0
1564,20760,0
3625,22953,0
3783,5456,0
100,26046,0
3198,16321,0
2319,20563,1
3502,24469,0
2777,8570,0
3412,17,0
4698,19827,0
3058,5994,0
706,26223,0
1550,11468,0
3354,1544,0
3332,8189,0
3964,18857,0
4087,8550,0
822,21006,0
263,10149,0
4572,13798,0
70,6240,0
1200,26053,0
4459,16544,0
1933,9205,0
4456,22833,0
2972,19760,0
906,1897,0
5140,1139,0
341,23493,0
1240,8220,0
2761,16994,0
2261,14785,0
4447,22750,0
5035,20606,0
2952,1420,0
1277,23607,0
3274,12200,0
1506,26122,0
4968,13566,0
1737,20473,0
874,18861,0
2924,23525,0
4429,13213,1
3971,2758,0
5303,23272,0
5017,1029,0
1480,22985,0
20,18759,0
5139,6229,0
4069,13799,0
3686,19609,0
3560,3121,0
1950,3902,0
525,5071,0
1122,3922,0
3841,10144,0
609,3456,0
1298,9406,0
5038,25237,0
2363,21989,0
2076,11159,0
5179,3191,0
4360,7569,1
1913,125,0
4435,3043,0
1892,11814,0
5280,26594,0
2584,14884,0
1507,15577,0
2364,15803,0
0,18504,0
3542,23670,0
2141,19195,0
2878,20078,0
3375,16708,0
536,13835,0
1528,14508,0
4735,262,0
2932,15011,0
387,16465,0
1308,9713,0
4241,19804,0
3023,14931,0
2111,23252,1
4707,10108,0
734,2884,0
4255,5875,0
1481,12855,0
960,23729,0
4847,270,0
1394,525,0
3342,12484,0
2778,7987,0
1830,15341,0
4316,1364,0
3259,18773,0
1340,22292,0
1349,4101,0
2490,9811,0
4206,12652,0
1926,23806,0
116,24810,0
2998,22931,0
2114,5,0
567,20225,0
138,7063,1
4644,5121,1
2959,15198,0
3886,10812,0
1496,16252,0
2199,7924,0
3371,14480,0
3410,8905,0
255,26023,1
1184,17948,0
957,5919,0
5072,11950,0
335,26645,0
4876,7005,0
929,20388,0
2129,13718,0
3242,317,0
1553,3586,0
4613,21648,0
1832,17424,0
642,19635,1
3973,17589,0
1405,6810,0
2657,16386,0
4059,12185,0
1953,6992,0
1186,3058,0
272,19108,1
4886,5777,0
5272,12691,0
1651,23161,0
4816,11874,0
1268,24500,0
4881,14472,0
234,19293,0
2523,6348,0
4340,19588,0
2174,15260,0
3015,4323,0
5161,10362,0
1230,10430,0
1758,14509,0
4579,19111,0
2088,21419,0
2948,10205,0
524,4697,0
3478,14602,0
3939,6094,0
2332,15888,0
5288,12375,0
882,20242,0
3591,3917,0
5189,24081,0
4262,2091,0
3510,5774,0
2270,23481,0
2876,8363,0
2986,13128,0
2337,18498,0
3763,25347,0
3742,5344,0
689,15941,0
1605,20950,0
2554,21073,0
2047,8351,0
4766,8543,0
1983,20468,0
1721,8711,0
2891,22082,0
361,24737,0
1688,13925,0
1591,7992,0
2263,15426,0
2651,18295,0
4973,3790,0
5177,15764,0
867,23963,0
2240,18750,0
426,11442,0
942,7051,1
3168,11995,0
2910,12330,0
51,25257,0
3857,2939,0
4072,9533,0
506,111,0
2213,16766,0
2385,10122,0
771,10737,0
4745,6894,0
5104,26572,0
4259,15994,0
3369,13118,0
4398,13078,0
4960,10024,0
860,11924,0
2569,16407,0
4097,19776,0
3805,2360,0
1036,5980,0
4592,24796,0
3626,25757,0
5089,1862,0
2040,11925,0
3585,15670,0
910,23751,0
4675,19700,0
2349,19597,0
3717,11301,0
5305,13452,0
3036,14369,0
2844,12398,0
696,18170,0
5120,4093,0
309,3445,0
4281,859,0
742,17271,0
4186,4975,0
371,10986,0
3476,20527,0
1302,12535,1
3208,16383,0
3267,11801,0
1139,16685,0
2149,17792,1
4931,22551,0
2200,19173,0
2025,20646,0
4503,12500,0
115,17510,0
2494,1178,0
1228,17605,0
3961,8865,0
1397,2324,0
4719,8034,0
683,18068,0
493,9154,0
2335,20289,0
4172,20257,0
669,2802,0
2741,7460,0
422,4621,0
5052,1987,0
580,3544,0
1484,14336,0
5224,25098,0
4728,11168,0
4943,1584,0
3624,12893,0
5273,10562,0
2803,15317,1
222,15344,0
3669,11586,0
4561,18473,0
4325,17787,0
951,16661,0
290,6940,0
2423,22042,0
2323,23268,0
2588,10497,0
3117,4038,0
4130,16140,0
2950,17275,0
3612,25011,0
5311,11048,0
804,8059,0
2529,7618,0
3949,7615,0
4021,6156,0
308,7651,0
19,21260,0
3616,10546,0
1124,9418,0
13,8108,0
30,9788,0
5195,21673,0
5067,2696,0
900,25482,0
2125,21307,0
1663,21039,0
508,21606,0
1454,16051,0
4115,26301,0
922,13371,0
4326,8954,0
4863,25333,0
5121,6653,0
1401,23350,0
2086,1316,0
4257,9520,0
3734,2200,1
2875,21504,0
3278,23656,0
785,5802,0
589,21554,0
3171,21123,0
4106,4328,0
4002,10532,0
509,7689,0
4505,3655,0
3226,16961,0
4715,21177,0
4632,7788,0
2098,12959,0
1970,14721,1
5281,24236,1
1079,22308,0
592,4504,0
4507,5391,0
4669,17087,0
1358,11408,0
4434,26707,0
2050,25048,0
2427,257,0
4159,17240,0
3292,6618,0
5083,5174,0
3209,12795,0
3695,23829,0
3093,10119,0
4692,23406,0
1988,19899,0
214,6945,0
1791,12062,0
2085,15337,0
3107,10199,0
3287,6660,0
1192,8587,0
512,1348,0
2597,5873,0
2143,17160,0
2262,7972,0
4354,24687,0
1453,11919,0
4664,19668,0
1733,10304,0
453,24470,0
1580,8531,0
4944,7256,0
2527,14041,0
2829,20928,0
5238,21277,0
4815,21309,0
4570,22046,0
4969,13391,0
2206,11498,0
4807,5573,0
4987,13103,0
4253,1748,0
3921,5773,0
2461,24661,0
3488,16585,0
420,25951,0
2838,12737,0
4654,12468,0
2561,13960,0
2526,26664,0
1071,11141,0
1077,14298,0
1193,23199,0
4666,9371,0
3473,11359,0
3215,3351,0
2162,20102,0
3116,18675,0
4839,2282,0
3673,7977,0
5151,19024,0
2415,25198,0
2603,12296,0
4071,8169,0
3532,17273,0
2629,11245,0
64,1753,0
902,25475,0
2445,25344,0
1365,6965,0
3791,3840,0
621,12121,0
3065,16558,0
657,6330,0
4053,3682,0
195,17290,0
1180,11495,0
2331,17713,0
1572,191,0
695,24432,0
758,14011,0
2177,13694,0
4567,18640,0
2524,6281,0
2471,26140,0
4364,22378,0
1174,15912,0
2027,22339,0
3217,13279,0
3668,18965,0
1372,25737,0
2968,19227,0
2827,18446,0
1462,1191,0
1112,20532,0
756,25342,0
1606,15700,0
4389,13826,1
2210,5683,0
4033,19183,0
3174,1269,0
2624,23227,0
5284,442,0
3969,17949,0
2004,20118,0
630,20071,0
4623,7231,0
3879,9563,0
835,14894,0
3268,7772,0
814,11111,0
4902,11757,0
4967,19311,0
1226,21768,0
2630,18307,0
4212,22182,0
2688,20558,0
2552,20575,0
4417,3012,0
2644,23306,0
5255,6124,0
4756,23477,0
411,13464,0
2243,5820,0
4774,6074,0
924,18510,0
4464,18707,0
2095,22980,0
1500,15321,0
3911,16923,0
239,6613,0
2649,11242,0
3166,18280,0
1040,3725,0
990,5610,0
4400,4466,0
4687,23665,0
5285,16579,0
2704,22405,0
4842,22365,0
2628,1722,0
1111,3050,0
2812,22612,0
1216,25556,0
1090,11146,0
236,3723,1
2770,4210,1
2179,2728,0
322,12524,0
3204,7118,0
4953,15689,0
1289,15536,0
2500,13688,0
724,10947,0
137,7519,0
3958,7386,0
2509,3371,0
5068,17910,0
1331,24744,0
3085,20397,0
107,22545,0
4898,1633,0
818,10636,0
1512,302,0
3795,861,0
1820,18849,0
316,15928,0
35,1794,0
2448,18684,0
5105,22020,0
2022,10503,0
5047,7973,0
2258,13883,0
815,17793,0
2402,550,0
3829,3521,0
1391,15097,0
4922,11165,0
3130,14277,0
4366,10014,0
48,217,1
2862,20956,0
5218,11046,0
2260,1097,0
254,10687,0
3073,1213,0
4041,9792,0
751,18915,0
3832,19302,0
4298,25067,0
958,14170,0
4657,8211,0
4082,8978,0
2787,26002,0
1224,9886,0
1738,7241,0
4548,7999,0
2615,6457,0
5216,10974,0
799,21974,0
2361,6747,0
2253,189,0
728,5634,0
2110,19172,0
2193,21771,0
2313,6436,0
5156,23243,0
1428,8658,0
956,24839,0
2053,289,0
4286,6838,0
4924,24129,0
2735,14111,0
2834,18661,1
3619,19082,0
4151,7069,1
2971,6680,0
4853,22185,0
1952,20505,0
397,8088,0
4436,20371,0
2873,7381,0
4147,5393,0
3032,21320,0
2792,553,0
717,21747,0
980,10212,0
4877,9487,0
698,12246,0
192,1576,0
5325,3534,0
230,6186,0
3475,3088,0
2107,6388,0
3123,15107,0
4683,1741,0
1684,20653,0
4225,13402,0
5141,12909,0
2632,4498,0
77,9183,0
474,6974,0
3006,10583,0
4141,23405,0
4319,14434,0
3807,10958,0
1975,4774,0
1973,26643,0
3889,13831,0
4215,13918,0
3289,2048,0
4475,11699,1
3175,1828,0
1864,21101,0
5265,9893,0
3011,13246,0
2172,24115,0
1048,23936,0
4618,19331,0
1323,25959,0
3318,24341,0
1581,8495,0
87,10115,0
2627,19699,0
4826,1607,0
2118,7351,0
2634,4624,0
624,19461,0
2372,8429,0
2182,14050,0
4628,18452,0
2514,16743,1
1294,11025,0
2918,9961,0
1754,19613,0
1549,5656,0
2017,2392,0
4795,22459,0
266,15604,0
2883,1764,0
3848,2674,0
1093,12710,0
1540,14688,0
4129,7549,0
3876,16456,0
5163,16361,0
3760,4788,0
460,24616,0
2636,16995,0
2211,26101,0
2977,2627,0
1510,3435,0
4689,18748,0
4535,25970,0
2024,21088,0
2600,17206,0
2301,12186,0
2217,18401,0
4367,1259,0
2550,26189,0
1067,10856,0
831,11119,0
106,23872,0
1815,5550,0
4518,5849,0
664,16573,0
2286,19772,0
687,25618,0
1066,11459,0
26,13556,0
4556,5787,0
4650,17994,1
855,4581,0
1756,15148,0
3509,25304,0
1293,4218,0
2397,21146,0
5116,26462,0
1633,22950,0
4799,22218,0
2594,8436,0
331,15544,0
3061,11217,1
1576,6964,0
2767,8133,0
3594,6132,0
4925,20693,0
3811,20208,0
3364,1444,0
4573,6154,0
5040,23089,0
1689,6319,0
4971,2303,0
4611,12887,0
1387,6223,0
360,4904,0
5053,17824,0
3322,21579,0
144,25263,0
226,511,0
1624,95,0
4700,16300,0
1034,4616,1
1098,14577,0
3815,14835,0
5234,23962,0
5143,4884,0
4937,14879,0
4868,20240,0
3628,14142,0
1922,11988,0
4472,16571,0
2437,24167,0
3489,2301,0
5259,19722,0
1511,6145,0
3471,24190,0
2279,10004,0
4197,25064,0
425,14271,0
5306,13528,0
382,12444,0
1943,3894,0
3306,12321,0
1432,15846,0
803,18512,0
4291,14201,0
2921,7383,0
105,16776,0
978,2465,0
3307,25187,0
2289,16086,0
737,23289,0
4012,4408,0
4369,17864,0
3115,21638,0
2133,3125,0
184,18015,0
2980,13491,1
3183,6764,0
2316,15921,0
3633,22173,0
2563,4267,0
2686,8089,0
5021,5912,0
4635,5030,0
2255,25054,0
4010,25180,0
2184,14792,0
96,19795,0
4350,2318,0
4385,20673,0
1392,11594,0
614,19511,0
318,18852,0
686,10647,1
5059,20094,0
4482,11257,0
5294,3092,1
1114,23793,0
2474,22409,0
269,9002,0
3860,218,0
1449,13033,0
4445,13095,0
5198,1452,0
1378,12809,0
1630,2309,0
3326,23930,0
2080,26250,0
3227,11209,0
3547,833,0
1130,23309,0
4474,11687,0
267,23232,1
3888,6950,0
1662,11355,0
2041,12006,0
4934,11717,0
3781,8845,0
954,8447,0
4712,886,0
5131,13337,0
1866,8271,0
3962,3875,0
3084,20589,0
1887,19354,0
2546,18901,0
5268,8112,0
1420,26334,0
4519,11186,0
2408,25168,0
17,23827,0
1809,8251,0
2039,25669,0
2694,3401,0
4105,25367,0
1189,21034,1
1142,15170,1
940,16818,0
4607,2639,0
2049,15419,0
2432,1027,0
3738,6815,0
4137,3736,0
953,10597,0
1574,13141,0
95,11361,0
1778,24276,0
4547,8669,0
3978,3354,0
5132,6958,0
2519,1774,0
1489,20450,0
793,14217,0
2678,23085,0
2131,12329,0
3997,8575,0
3697,9458,0
4150,12763,0
652,1885,0
3082,3760,0
3684,15027,0
2510,10256,1
2620,5567,0
4312,18601,1
830,18740,0
5276,15752,0
1250,8267,0
2991,24619,0
2380,9088,0
18,24857,0
1050,20776,0
3999,749,0
3827,22872,0
4810,1973,0
3838,12177,0
2706,3508,0
1871,9787,0
2810,22782,0
4231,2704,0
4220,3550,0
4014,21738,0
1836,24164,0
129,14471,1
194,15680,0
4584,20923,0
2442,23707,0
3721,24300,0
1675,5733,0
962,19246,0
2378,25003,0
4397,2863,0
2684,9353,0
521,6879,0
3131,26040,0
1351,8469,0
2221,11086,0
1852,1644,0
4405,20651,0
3293,19182,0
4813,22375,0
1450,6187,0
1531,25358,0
3731,9562,0
859,4871,0
409,13708,0
4866,12731,0
2758,15454,0
4189,3757,0
2538,13040,0
1325,14592,0
4869,7733,0
1204,7645,1
4775,23000,0
1803,17537,0
1508,3357,0
4500,4637,0
4936,293,0
3656,5785,1
2192,3836,0
4772,7384,0
1267,20347,0
4782,21741,0
2784,22829,0
2090,11183,0
3740,11900,0
4473,2188,1
3457,13125,0
4372,15493,0
3865,13868,0
1805,6515,0
2591,20548,1
2783,7885,0
2120,6667,0
200,14604,0
3942,21690,0
2578,7371,0
3512,10585,0
2915,18321,0
2805,17849,0
2887,3386,0
1045,14613,0
220,9586,0
357,6118,0
5007,2648,0
3652,21403,0
1797,3578,0
1016,15992,0
1118,6948,0
1318,21095,0
4382,10464,0
4368,19351,0
3276,8804,0
42,1508,0
2422,19617,0
4240,13554,0
3775,14802,0
4830,6858,0
3429,19545,0
4941,21819,0
5301,20145,0
268,9782,0
2197,20299,0
3275,10519,0
626,24243,0
4152,21518,0
1984,3097,1
628,5498,0
4909,24937,0
2820,26562,0
875,9768,0
4005,24545,0
1177,3545,0
1711,23420,0
2212,9862,0
4216,6781,0
1769,14856,0
1524,2183,0
4785,15781,0
201,1776,0
1019,15055,0
4834,19090,0
1271,9408,1
2846,3214,0
1967,12705,0
478,21592,0
4874,21763,0
5095,2007,0
5115,14020,1
4511,20911,0
4532,1567,0
1461,12633,0
1547,2352,0
1131,15359,0
2483,10112,0
2310,4332,0
4290,11247,0
2960,12394,0
1385,21619,0
5316,13376,0
2256,12092,0
5271,24782,0
2137,12335,0
1829,17882,0
801,13061,0
4062,2612,0
3105,12250,0
4514,22412,0
2444,18758,0
5339,22535,0
1767,17394,0
3409,10787,0
481,12291,0
5004,19361,0
1324,25568,1
5291,5369,0
4481,2668,0
2373,11540,0
118,19241,0
4528,22438,0
2719,5061,0
1771,23361,0
3482,19491,1
749,9125,0
4043,19104,0
417,23668,0
111,20582,0
5320,1136,0
4219,17884,0
3872,8321,0
608,17957,0
4051,15739,0
3506,16746,0
5049,25122,0
43,13478,0
4587,2904,0
510,8068,0
3940,12871,0
1434,25838,0
2582,11783,0
4467,5282,0
4703,25987,0
1509,1329,0
1342,25090,0
5055,3659,0
3112,4214,0
2889,15495,0
2195,10040,0
4878,4167,0
2819,22102,0
2613,8375,0
3465,7283,0
2505,3692,0
4018,17202,0
3891,12350,0
1266,13251,0
4778,7811,0
543,14149,0
1011,22451,0
5300,20265,0
3467,2749,0
1116,8293,0
2318,4086,0
832,17463,0
216,23778,0
3265,665,0
4833,17233,0
3516,22800,0
3523,4794,0
1784,15193,0
807,25622,0
1658,3933,0
986,14098,0
4460,15629,0
2357,12614,0
3282,15242,0
2874,23347,0
4024,20901,0
119,9735,0
4055,3162,0
3051,10834,0
3747,23800,0
2306,20376,1
881,13250,0
2865,4233,0
847,6752,0
857,5320,0
4522,12422,0
885,8916,0
2881,25957,0
1263,12084,0
1464,20836,0
4407,18371,0
3106,11332,0
1762,19424,0
1176,10861,0
1135,12202,0
92,6542,0
396,11430,0
2056,24610,0
4136,21543,0
4476,9717,0
108,5333,0
2936,21838,0
3666,19210,0
342,4251,0
708,16696,0
3965,21938,0
253,17293,0
4006,11857,0
4983,19851,0
1753,10822,0
535,3328,0
2536,23615,0
4787,6884,0
3794,17341,0
3719,22512,0
1075,9361,0
5217,13311,0
1850,8886,0
959,25262,0
4182,15554,0
4634,3247,0
2007,19764,1
2281,14800,0
4266,15061,0
4335,15767,0
27,15819,0
1381,5289,0
74,22367,0
421,22429,0
1812,1705,0
825,11696,0
4981,10313,0
2161,4836,0
3906,22751,0
1668,20890,0
367,25306,0
2905,4033,0
4672,14420,1
2667,24242,0
4310,4023,0
167,26242,0
1775,4892,0
1990,5944,1
3164,21675,1
4209,2829,0
4789,3432,0
2534,19309,0
1476,11428,1
4258,4385,0
3142,4444,1
1661,19114,0
3534,13530,0
4040,6932,0
4203,23820,0
2135,2111,1
590,12128,0
4269,9270,0
2825,21318,0
4803,3501,0
3538,13773,0
1,20811,1
2951,4355,0
850,17564,0
5220,25472,0
925,13600,0
1145,10038,0
295,10167,1
1747,20156,0
3235,13396,0
5187,5794,0
1727,26159,0
4309,11993,0
5250,10837,0
1357,10360,0
2513,20764,0
257,24956,0
1219,9749,0
1635,25428,0
4990,18179,0
1380,24042,0
2139,19842,0
4959,11014,0
432,20865,0
2346,13913,0
4856,7046,0
3836,18503,0
1568,24245,0
1609,5982,0
492,8357,0
2081,5686,0
2282,13746,0
2962,10296,0
563,24882,0
196,6602,0
1931,17285,0
5337,9516,0
4970,13836,0
3434,22484,0
913,15694,0
37,9367,0
3197,7387,0
3828,15793,0
658,3489,0
789,13287,0
2072,19397,0
1087,21720,0
4569,10475,0
2926,22747,0
3304,4844,0
3706,8807,0
1919,23847,0
4299,17335,0
2266,12409,1
3992,9209,0
3308,15965,0
3882,23245,0
754,4077,0
3202,3709,0
3280,15023,1
3897,14648,0
2530,21679,0
4148,5761,0
3646,13534,0
5309,5272,0
3345,23864,0
3128,12685,0
4301,18122,0
3500,2217,0
303,21844,0
597,13038,0
3321,17028,0
681,2163,0
4173,14444,1
2575,416,0
2836,19906,1
3864,7153,0
185,21351,0
901,25753,0
3715,12307,1
2947,10,0
549,20767,0
1683,26560,0
1368,18043,0
3430,15748,0
89,21111,0
2711,17090,1
344,5239,0
757,18837,0
4781,6216,0
49,23,0
165,13124,0
3753,3507,0
1783,889,0
622,4689,0
2121,15948,0
3621,8860,0
4721,11151,0
2941,16474,0
5117,12517,0
3303,21361,0
2482,18670,0
629,26541,0
3431,6259,0
2075,16824,0
3223,25200,0
3365,5926,0
2752,18265,0
969,14950,0
4667,19925,0
4676,19026,0
4606,14563,0
5321,15018,0
712,26351,0
1542,10291,0
209,9679,0
4179,9638,0
4681,21215,0
1902,22062,0
2074,13264,0
4017,17460,0
739,11531,0
4446,17232,0
2676,7282,0
1297,2795,1
3486,1184,1
4608,10282,0
4749,16422,0
3810,11678,0
3816,13233,0
114,11848,0
4169,16883,0
2677,24952,0
5324,11063,0
1147,983,0
4880,24841,0
1598,8776,0
3683,24454,0
1954,26578,1
3635,7055,0
1001,7019,0
4327,3077,0
1315,1511,0
164,24543,0
1108,14818,0
1831,17591,0
72,22671,0
1360,13379,0
174,4667,0
4790,21782,0
2418,2281,0
1041,24107,0
1223,17288,0
656,16781,0
4678,25285,0
4642,19872,0
3632,1193,0
2652,21382,0
4127,4636,0
1748,21454,0
4324,24650,0
562,26209,1
3305,3393,0
3186,7314,0
1467,982,0
3595,1437,0
4797,12154,0
4339,18624,0
2673,9057,1
4210,15069,0
1713,2438,0
3218,3920,0
3344,12739,0
967,8045,0
3456,24534,0
4064,26512,0
4131,26398,0
1492,4515,0
4560,10881,0
3031,8391,0
1765,26059,0
471,7272,0
3087,11410,0
4899,14395,0
1749,14727,0
2710,11733,0
1208,17393,0
68,5699,0
1685,7482,0
4345,4345,0
5242,2073,0
4123,490,0
102,13891,0
2359,3165,0
5167,22165,0
4812,6707,1
3607,21083,0
4418,211,0
1447,26052,1
3844,22998,0
2908,1930,0
2424,17213,0
3143,22834,0
2619,11116,0
305,5643,0
148,121,0
2940,16495,0
1002,22746,0
715,11722,0
2116,25272,0
5020,3268,0
3416,17236,0
3428,24643,0
1656,4182,0
1058,17937,0
3320,12203,0
4978,23509,0
4543,26614,0
1348,19229,0
4085,15338,1
1613,11653,0
2100,15931,0
2840,6918,0
558,3728,0
5034,11414,0
2011,17019,0
4512,11062,0
3786,20384,0
8,19347,1
4907,20022,0
4779,3551,0
1900,14087,1
5275,25841,0
4764,21502,0
5108,17128,0
1099,2045,0
3770,25551,0
844,22726,0
4158,13666,0
1431,4367,0
2760,14394,0
2158,25174,0
2152,16965,1
3956,20883,0
3639,1749,0
1175,24408,1
1422,25493,0
2708,9042,0
2831,1305,0
2995,19320,0
458,23319,0
4376,21568,0
1304,4404,1
498,14560,0
760,10878,0
3244,3056,0
3922,24623,0
451,14242,0
12,4298,0
2358,12442,0
4439,60,0
3739,4967,0
4977,1033,0
1190,24872,0
735,17944,0
1653,19375,0
1596,23819,0
1261,9465,0
1986,14681,0
2849,17397,0
4777,13021,0
3535,26454,0
4384,17907,0
5051,5069,0
2190,560,1
3148,25952,0
1026,12832,0
1479,23045,0
2666,2656,0
5113,5429,0
4773,8593,0
824,14798,0
1629,26655,0
461,913,0
1159,6912,0
1379,1441,1
4639,13449,0
2470,6855,0
5318,9283,0
5039,10675,0
3481,26616,0
2493,14328,0
670,4522,0
938,21341,0
948,5354,0
1482,15894,0
2144,3895,0
3675,25579,0
5207,18471,0
4126,23417,0
1086,8532,0
2451,25163,0
2999,7799,0
3353,12272,0
1319,15290,0
4722,4500,0
3008,22822,0
2250,3740,0
2931,23466,0
3658,22862,0
75,15834,0
2033,12853,0
2515,24865,0
2060,2691,0
721,9478,1
3622,13109,0
5313,13669,0
2155,2478,0
3761,22969,0
